unit,na_item,geo,time,value
"Chain linked volumes (2010), euro per capita",Gross domestic product at market prices,Austria,2018,37810.0
"Chain linked volumes (2010), euro per capita",Gross domestic product at market prices,Belgium,2018,35600.0
"Chain linked volumes (2010), euro per capita",Gross domestic product at market prices,Bulgaria,2018,6550.0
"Chain linked volumes (2010), euro per capita",Gross domestic product at market prices,Switzerland,2018,59870.0
"Chain linked volumes (2010), euro per capita",Gross domestic product at market prices,Cyprus,2018,23770.0
"Chain linked volumes (2010), euro per capita",Gross domestic product at market prices,Czechia,2018,17620.0
"Chain linked volumes (2010), euro per capita",Gross domestic product at market prices,Germany (until 1990 former territory of the FRG),2018,35860.0
"Chain linked volumes (2010), euro per capita",Gross domestic product at market prices,Denmark,2018,48260.0
"Chain linked volumes (2010), euro per capita",Gross domestic product at market prices,"Euro area (EA11-1999, EA12-2001, EA13-2007, EA15-2008, EA16-2009, EA17-2011, EA18-2014, EA19-2015)",2018,30930.0
"Chain linked volumes (2010), euro per capita",Gross domestic product at market prices,Euro area - 12 countries (2001-2006),2018,31610.0
"Chain linked volumes (2010), euro per capita",Gross domestic product at market prices,Euro area - 19 countries  (from 2015),2018,30930.0
"Chain linked volumes (2010), euro per capita",Gross domestic product at market prices,Estonia,2018,15090.0
"Chain linked volumes (2010), euro per capita",Gross domestic product at market prices,Greece,2018,17780.0
"Chain linked volumes (2010), euro per capita",Gross domestic product at market prices,Spain,2018,24880.0
"Chain linked volumes (2010), euro per capita",Gross domestic product at market prices,European Union - 15 countries (1995-2004),2018,32340.0
"Chain linked volumes (2010), euro per capita",Gross domestic product at market prices,European Union - 27 countries (from 2020),2018,27620.0
"Chain linked volumes (2010), euro per capita",Gross domestic product at market prices,European Union - 28 countries (2013-2020),2018,28280.0
"Chain linked volumes (2010), euro per capita",Gross domestic product at market prices,Finland,2018,36850.0
"Chain linked volumes (2010), euro per capita",Gross domestic product at market prices,France,2018,32830.0
"Chain linked volumes (2010), euro per capita",Gross domestic product at market prices,Croatia,2018,11990.0
"Chain linked volumes (2010), euro per capita",Gross domestic product at market prices,Hungary,2018,12560.0
"Chain linked volumes (2010), euro per capita",Gross domestic product at market prices,Ireland,2018,57960.0
"Chain linked volumes (2010), euro per capita",Gross domestic product at market prices,Iceland,2018,38960.0
"Chain linked volumes (2010), euro per capita",Gross domestic product at market prices,Italy,2018,26740.0
"Chain linked volumes (2010), euro per capita",Gross domestic product at market prices,Lithuania,2018,13310.0
"Chain linked volumes (2010), euro per capita",Gross domestic product at market prices,Luxembourg,2018,83470.0
"Chain linked volumes (2010), euro per capita",Gross domestic product at market prices,Latvia,2018,12140.0
"Chain linked volumes (2010), euro per capita",Gross domestic product at market prices,Montenegro,2018,6230.0
"Chain linked volumes (2010), euro per capita",Gross domestic product at market prices,North Macedonia,2018,
"Chain linked volumes (2010), euro per capita",Gross domestic product at market prices,Malta,2018,21670.0
"Chain linked volumes (2010), euro per capita",Gross domestic product at market prices,Netherlands,2018,41540.0
"Chain linked volumes (2010), euro per capita",Gross domestic product at market prices,Norway,2018,69530.0
"Chain linked volumes (2010), euro per capita",Gross domestic product at market prices,Poland,2018,
"Chain linked volumes (2010), euro per capita",Gross domestic product at market prices,Portugal,2018,18150.0
"Chain linked volumes (2010), euro per capita",Gross domestic product at market prices,Romania,2018,8740.0
"Chain linked volumes (2010), euro per capita",Gross domestic product at market prices,Serbia,2018,5190.0
"Chain linked volumes (2010), euro per capita",Gross domestic product at market prices,Sweden,2018,43810.0
"Chain linked volumes (2010), euro per capita",Gross domestic product at market prices,Slovenia,2018,20170.0
"Chain linked volumes (2010), euro per capita",Gross domestic product at market prices,Slovakia,2018,15560.0
"Chain linked volumes (2010), euro per capita",Gross domestic product at market prices,United Kingdom,2018,32700.0
